[{"@type":"mappingTemplate","id":"@1","name":"JD_Jason_ShippingFiles - Copy 1","description":"","bundleVersion":"0","templateId":"@3","deployTime":1616692843000,"hasParameters":false,"valid":true,"fixedConnection":true,"hasParametersDeployed":false,"fixedConnectionDeployed":true,"tasks":0,"mappingPreviewFileRecordId":"@2","documentType":"MAPPING","references":[{"@type":"reference","refObjectId":"@lY8ET8hpf2mdlMfaLCoOuW","refType":"connection"},{"@type":"reference","refObjectId":"@6bY5ZkAejsKgqOd0HCQ2IT","refType":"connection"}]}]