[{"@type":"mappingTemplate","id":"@1","name":"M_SFDC_to_Redshift_S3_JHD","description":"","bundleVersion":"0","templateId":"@3","deployTime":1612798934000,"hasParameters":false,"valid":true,"fixedConnection":true,"hasParametersDeployed":false,"fixedConnectionDeployed":true,"tasks":0,"mappingPreviewFileRecordId":"@2","documentType":"","references":[{"@type":"reference","refObjectId":"@8hwvGULo9SbhFnqcdHeyyK","refType":"connection"},{"@type":"reference","refObjectId":"@3g7d7pAKPayfO6FpSXIIoq","refType":"connection"},{"@type":"reference","refObjectId":"@9eTrraHgsd0chhtXHbOFS2","refType":"connection"}]}]