[{"@type":"mappingTemplate","id":"@1","name":"Mapping11","description":"","bundleVersion":"0","templateId":"@3","deployTime":1616693441000,"hasParameters":false,"valid":true,"fixedConnection":true,"hasParametersDeployed":false,"fixedConnectionDeployed":true,"tasks":0,"mappingPreviewFileRecordId":"@2","documentType":"MAPPING","references":[{"@type":"reference","refObjectId":"@lY8ET8hpf2mdlMfaLCoOuW","refType":"connection"},{"@type":"reference","refObjectId":"@0ARUm9HD6ezcLMqxuucWAG","refType":"connection"}]}]